{"entities":{"pages":{"FLOWW":{"id":"FLOWW","title":"FLOWW","url":"floww.html","level":0,"tabIndex":0},"Understand_IYO":{"id":"Understand_IYO","title":"What is an Initial Yield Offering?","url":"understand-iyo.html","level":0,"tabIndex":1},"YieldCurveCalculations":{"id":"YieldCurveCalculations","title":"Yield Curve Calculations","url":"yieldcurvecalculations.html","level":0,"tabIndex":2},"Scrypto-Package-Functions":{"id":"Scrypto-Package-Functions","title":"IYO Scrypto Package Overview","url":"scrypto-package-functions.html","level":0,"tabIndex":3}}},"topLevelIds":["FLOWW","Understand_IYO","YieldCurveCalculations","Scrypto-Package-Functions"]}